x1,x2,y
-0.7047,-1.3966,1
-1.7103,0.1435,0
-1.768,0.0297,1
-0.2654,-1.7206,1
-0.3019,1.3074,0
-1.107,0.5097,0
0.3084,-0.4133,1
-1.8137,1.4339,0
-1.423,-1.5288,1
1.2645,-1.2771,1
0.5557,-0.5104,1
-1.7488,-1.7616,1
0.7216,-0.2896,1
0.3422,-0.1873,1
1.1775,0.796,1
0.2977,0.1008,1
0.9178,-0.8482,1
-1.5277,-0.3275,0
-1.3921,-0.0441,1
0.6729,1.0583,0
1.5019,-0.745,1
0.3775,0.3196,1
1.3599,1.7787,0
0.6566,-1.7573,1
0.5885,1.9724,0
-0.8616,-0.4568,1
-1.9097,-0.1532,0
-1.5316,-1.7642,1
-1.4826,-1.0095,1
1.4857,-1.6777,1
0.1978,1.5335,0
1.4559,-0.8863,1
-0.5649,1.5368,0
-1.3963,-1.2951,1
-1.0667,-0.0601,0
-0.949,-1.9836,1
-0.523,0.2654,0
0.762,0.062,1
0.7048,-1.784,1
1.1199,1.4981,0
-0.4305,-0.4041,1
0.5372,-1.751,1
-1.1649,-1.3508,1
-1.7897,-1.9991,1
-1.5941,-0.5456,1
1.4973,0.4563,1
-0.991,-0.6104,1
-1.5086,1.3957,0
-0.136,-0.0647,1
-1.5912,-0.6295,0
1.3154,-1.3542,0
1.8039,0.113,1
0.1727,-1.8918,1
1.914,1.4533,1
-0.9555,-0.5332,1
1.0878,0.1304,1
-0.6813,-1.1078,1
1.9397,1.4105,1
1.2733,0.9595,1
0.0706,-0.5777,0
-1.8883,-0.8823,0
0.7701,1.8261,0
1.7481,1.9522,0
-0.5415,-1.1182,1
-1.2132,-1.1825,1
1.6012,1.3617,1
0.6119,1.1986,0
0.6423,1.6391,0
1.0006,-0.0879,1
1.1565,-0.6699,1
1.8866,-0.4166,1
1.7872,0.8992,1
-1.4918,-1.3954,1
1.226,-1.4153,1
1.9212,0.6291,1
0.1946,-1.4761,0
1.8836,0.5987,1
1.7345,-0.2648,1
1.3046,-1.1558,1
-0.8281,-1.0378,1
-0.9625,-0.3239,0
1.6401,-0.5849,1
0.3334,1.6172,0
1.6709,0.0066,1
0.094,-1.9252,1
-1.2676,-1.9843,1
-1.3106,-0.106,0
0.2259,-0.6961,1
0.2218,1.1371,0
0.2412,-1.006,1
1.089,0.0309,1
1.04,1.65,0
0.4501,0.0222,1
0.7709,-0.1906,1
-0.0879,1.766,0
1.5061,1.7687,0
0.2381,1.7731,0
-1.4515,-1.5135,1
-1.7098,-1.0374,0
0.6779,1.1357,0
-1.3822,0.8645,0
-1.4281,1.5313,0
-1.1216,1.81,0
-0.051,1.9595,0
-1.3541,-0.2739,0
-0.6435,-1.217,1
0.8886,-1.9221,1
-0.2382,-1.9277,1
0.4957,0.049,1
1.9403,1.1535,1
-1.5809,-0.9377,1
1.116,-0.9182,1
-0.311,1.6457,0
-0.9656,-1.4025,1
0.2824,0.8017,0
-1.7699,0.7528,0
-1.7103,1.7534,0
1.2065,-1.665,1
-1.7335,1.4511,0
-0.6434,0.2123,0
-0.9286,-1.4831,1
-1.0463,-1.5622,1
-1.7985,-1.1929,1
-0.78,1.038,0
0.0004,-1.2884,1
-1.9273,-0.9982,1
0.9323,0.2042,1
-0.101,1.7386,0
1.2757,-0.2713,1
1.3385,-0.4277,1
0.751,1.9298,0
1.3291,0.8269,1
-0.3812,-0.6098,1
-1.4807,-1.7171,1
-0.9776,-1.347,1
1.3651,1.4822,0
-0.8723,-1.0311,1
-0.1622,-1.3699,1
-0.947,1.8471,0
0.1883,-1.0222,1
-0.7618,-0.5737,0
-0.4735,-0.1014,0
-1.1961,0.0189,1
-0.9433,-1.641,1
-1.8333,-1.91,1
-1.0688,0.3423,0
1.0022,0.6302,1
1.5164,-0.4419,1
1.9389,-1.4021,1
0.5729,-1.8248,1
1.5678,0.5093,1
1.2489,-1.4428,1
0.0175,1.3398,0
1.3056,0.3362,1
0.7316,0.7733,0
-1.8754,-1.4676,1
-1.5803,1.3433,0
0.5111,0.5049,1
-0.0428,-1.9867,1
0.9931,0.0119,1
0.6372,-1.7358,1
-0.9912,-1.7022,1
0.9173,-1.1791,1
1.9029,-0.0242,1
-0.084,0.7348,0
0.4679,0.5711,0
-1.4103,-0.9842,1
-0.7823,0.271,1
-1.7574,-0.9249,0
0.7687,0.7028,1
0.0661,-0.1413,1
-1.526,1.5747,0
1.9125,1.745,1
-0.1641,1.2796,0
-0.2022,-0.9254,1
1.7823,-1.1572,1
-1.433,0.0963,0
-1.4696,1.2809,0
1.5474,0.8133,1
1.5908,-0.0554,0
-1.9856,-0.0332,0
-0.7922,-1.4372,1
-0.7357,1.3609,1
1.0029,1.3564,0
1.7056,0.8521,1
-0.8407,-0.5111,1
1.9952,0.3567,1
-0.2878,-0.8994,0
-1.5932,1.3387,0
1.7424,-1.0027,1
0.0439,-1.2406,1
1.8247,1.5371,1
0.5236,1.6537,0
0.1969,0.8783,1
0.9294,-0.1966,1
0.578,-0.8552,0
1.7071,-1.4908,1
-0.6253,-0.8089,1
1.9052,-0.9593,1
-0.7967,0.2293,0
-1.3307,-1.3534,1
1.6238,-0.0117,1
1.625,1.9859,0
-1.4416,-1.2304,1
-0.6322,-1.6356,1
-0.9666,0.2785,0
0.9986,-0.3489,1
0.0967,-0.4925,1
-1.7518,-0.8899,0
-1.4965,0.0136,0
1.4514,-1.1361,1
-1.0062,-0.401,0
1.8158,1.3947,1
-1.9128,-1.871,1
1.5828,-0.1069,1
-1.9993,-0.4339,0
1.3024,1.4219,0
-1.0061,-1.5638,1
0.0895,0.7283,0
0.8869,0.5894,1
-0.1707,0.206,1
1.1292,-1.0697,1
0.582,-0.7849,1
-0.9928,0.5452,0
-1.5515,-1.7186,1
0.3316,-0.4477,1
0.4042,-1.9582,1
-0.1572,1.8358,0
1.5351,-0.0988,1
-1.0118,1.8425,0
-0.7704,-1.9129,1
0.6979,-0.3199,1
0.6694,1.7006,0
-1.8636,-0.6478,0
0.7303,-1.2077,1
0.9565,0.0195,1
1.8794,-0.7531,1
-1.0768,-1.1142,1
-0.8203,1.8077,0
-1.2507,-1.1067,1
0.6612,1.795,0
-0.4262,-1.1482,1
-1.4324,-1.7926,1
-0.4267,1.5927,0
0.9309,1.9901,0
-0.683,-1.258,1
0.9852,-1.8724,1
-0.4855,-0.5045,1
-1.323,-1.9885,1
-0.5941,1.8221,0
1.8571,-1.1704,1
1.2863,1.288,0
-1.803,-0.1061,0
1.678,-1.2279,1
1.588,-1.8789,1
1.2473,1.0667,0
-1.8606,-1.7497,1
-0.9719,0.9891,0
-0.6437,-0.9107,1
0.4679,-0.9513,1
-0.7341,-0.8975,0
1.0226,1.6658,0
1.773,-1.903,1
-0.0992,1.8271,0
-0.4539,-0.9958,1
-0.0261,1.7124,0
1.2103,0.954,1
1.0912,0.429,1
-0.7218,-0.5526,1
-1.6839,-1.2108,1
-1.0108,-1.7411,0
0.2104,-0.697,1
1.5339,1.9513,0
-1.6637,-1.6143,1
0.8391,-0.2121,1
-0.3326,0.4812,0
0.9919,1.3879,0
-1.5153,1.3635,0
0.2675,-0.5081,1
-1.2032,-1.0103,1
-1.3867,1.5367,0
-0.6946,-0.4157,1
0.0293,-1.0745,1
0.6133,1.9638,0
-0.1009,1.2764,0
1.6575,-1.8386,1
-1.5231,-1.2417,1
0.3328,1.7207,0
1.4645,-0.2035,1
1.1111,1.7828,0
0.3846,0.4798,1
-0.5252,-1.4345,1
-0.9803,0.3977,0
-1.1862,-1.9545,1
0.7133,-1.2594,1
-1.1864,1.1811,0
-1.7469,-1.5944,1
0.2006,0.5567,0
-1.3452,0.7816,0
-0.8668,-0.7696,1
